INSERT INTO Nomination (category)
VALUES ('Mejor película'), 
('Mejor director'), 
('Mejor actor principal'), 
('Mejor actriz principal'), 
('Mejor actor de reparto'), 
('Mejor actriz de reparto'), 
('Mejor guión original'), 
('Mejor guión adaptado'), 
('Mejor película de habla extranjera'), 
('Mejor película animada'), 
('Mejor fotografía'), 
('Mejor diseño de producción'), 
('Mejor vestuario'), 
('Mejor montaje'), 
('Mejor efectos especiales'),
('Mejor maquillaje y peluquería'), 
('Mejor montaje de sonido'), 
('Mejor mezcla de sonido'), 
('Mejor banda sonora'), 
('Mejor canción original'),
('Mejor documental'), 
('Mejor cortometraje documental'), 
('Mejor cortometraje de ficción'), 
('Mejor cortometraje animado');

INSERT INTO Genre (genre_name) 
VALUES ('Acción'), 
('Aventura'), 
('Comedia'), 
('Drama'), 
('Terror'), 
('Musical'), 
('Acción'), 
('Guerra'), 
('Crimen'), 
('Infantil'), 
('Adultos'),
('Thriller'),
('Romance'), 
('Ciencia ficción'); 

INSERT INTO Star (first_name, last_name)
VALUES ('Robert', 'De Niro'),
('Al', 'Pacino'), 
('Joe', 'Pesci'), 
('Roman', 'Griffin Davis'),
('Scarlett', 'Johansson'), 
('Taika', 'Waititi'),
('Joaquin', 'Phoenix'), 
('Zazie', 'Betz'),
('Saoirse', 'Ronan'), 
('Florence', 'Pugh'), 
('Emma', 'Watson'),
('Adam', 'Driver'), 
('Laura', 'Dern'),
('George', 'MacKay'),
('Dean-Charles', 'Chapman'),
('Mark', 'Strong'),
('Leonardo', 'DiCaprio'), 
('Brad', 'Pitt'),
('Margot', 'Robbie'), 
('James', 'McAvoy'),
('Bruce', 'Willis'), 
('Sarah', 'Paulson'),
('Olivia', 'Colman'),
('Emma', 'Stone'),
('Rachel', 'Weisz'),
('Viggo', 'Mortensen'),
('Mahershala', 'Ali'),
('Linda', 'Caderllini'),
('Willem', 'Dafoe'),
('Rupert', 'Friend'),
('Oscar', 'Isaac'),
('Brie', 'Larson'),
('Samuel L.', 'Jackson'),
('Jude', 'Law'),
('Clint', 'Eastwood'), 
('Bradley', 'Cooper'),
('Dianne', 'Weist'),
('Steve', 'Carrell'),
('Timothée', 'Chamalet'),
('Amy', 'Ryan'),
('Colin', 'Farrell'),
('Dany', 'DeVito'),
('Michael', 'Keaton'), 
('Robert', 'Downey Jr.'),
('Chris', 'Evans'),
('Mark', 'Ruffalo'),
('Will', 'Smith'), 
('Mena', 'Masoud'),
('Naomi', 'Scott'),
('Tagon', 'Egerton'),
('Jamie', 'Bell'),
('Richard', 'Madden'),
('Sophie', 'Turner'),
('Jennifer', 'Lawrence'),  
('Jim', 'Carrey'), 
('James', 'Marsden'),
('Tika', 'Sumpter'),
('Chris', 'Hemsworth'),
('Toni', 'Collete'),
('Gabriel', 'Byrne'),
('Alex', 'Wolf'),
('Frances', 'McDormand'),
('Woody', 'Harrelson'),
('Peter', 'Dinklage'),
('John', 'Krasinski'),
('Emily', 'Blunt'),
('Millicent', 'Simmonds'),
('Jason', 'Bateman'),
('Rachel', 'McAdams'),
('Kyle', 'Chandler'),
('Chris', 'Pratt'),
('Bryce', 'Dallas Howard'),
('Nick', 'Robbinson'),
('Armme', 'Hammer'),
('Amira', 'Casar');

INSERT INTO Movie (duration, premier_year, unit_price, stock, movie_status)
VALUES (209, 2019, 80, 10, true), 
(108, 2019, 80, 10, true), 
(121, 2019, 80, 10, true), 
(135, 2019, 80, 10, true), 
(136, 2019, 80, 10, true),
(119, 2019, 80, 10, true), 
(165, 2019, 80, 10, true), 
(103, 2019, 80, 10, true), 
(129, 2019, 80, 10, true),
(104, 2019, 80, 10, true),
(121, 2018, 80, 10, true),
(130, 2018, 80, 10, true),
(104, 2019, 80, 10, true),
(111, 2018, 80, 10, true),
(125, 2019, 80, 10, true),
(111, 2018, 80, 10, true),
(111, 2019, 80, 10, true),
(181, 2019, 80, 10, true),
(128, 2019, 80, 10, true),
(121, 2019, 80, 10, true),
(116, 2019, 80, 10, true),
(100, 2019, 80, 10, true),
(99, 2020, 80, 10, true),
(156, 2018, 80, 10, true),
(126, 2018, 80, 10, true),
(112, 2017, 80, 10, true),
(95, 2018, 80, 10, true),
(98, 2018, 80, 10, true),
(128, 2018, 80, 10, true),
(130, 2017, 80, 10, true);

INSERT INTO Title (Movie_id_m, movie_name)
VALUES (1, 'El irlandes'), 
(1, 'The Irishman'), 
(2, 'Jojo Rabbit'), 
(3, 'Joker'), 
(3, 'Guasón'), 
(4, 'Little Women'), 
(4, 'Mujercitas'),
(5, 'Historia de un Matrimonio'), 
(5, 'A Marriage Story'), 
(6, '1917'), 
(7, 'Érase una vez... en Hollywood'), 
(7, 'Once Upon a Time in Hollywood'),
(8, 'Frozen 2'), 
(8, 'Frozen: Una Aventura Congelada'), 
(9, 'Glass'), 
(9, 'Cristal'), 
(10, 'La Favorita'), 
(10, 'The favourite'),
(11, 'Green Book'), 
(12, 'Como Entrenar a tu Dragón 3'), 
(12, 'How to Train your Dragon 3'), 
(13, 'Van Gogh a las puertas de la eternidad'),
(13, 'At Eternitys Gate'), 
(14, 'Capitana Marvel'), 
(14, 'Captain Marvel'), 
(15, 'The Mule'), 
(15, 'La Mula'),
(16, 'Beautiful Boy. Siempre Serás mi Hijo'), 
(16, 'Beautiful Boy'), 
(17, 'Dumbo'), 
(18, 'Vengadores: End Game'), 
(18, 'Avengers: End Game'),
(19, 'Aladdin'), 
(19, 'Aladdín'), 
(20, 'Rocketman'), 
(21, 'X-Men: Fénix Oscura'), 
(21, 'X-Men: Dark Phoenix'), 
(22, 'Toy Story 4'),
(23, 'Sonic'), 
(24, 'Vengadores: Infinity War'), 
(24, 'Avengers: Infinity War'), 
(25, 'Hereditary'), 
(25, 'El Legado del Diablo'),
(26, 'Tres Anuncios en las Afueras'), 
(26, 'Three Billboards Outside Ebbing, Missouri'), 
(27, 'Un Lugar Tranquilo'), 
(27, 'A Quiet Place'),
(28, 'Game Night'), 
(28, 'Noche de Juegos'), 
(29, 'Jurassic World 2: El Reino Caído'), 
(29, 'Jurassic World 2: Fallen Kingdom'), 
(30, 'Call me by Your Name'),
(30, 'Llámame por tu nombre');

INSERT INTO Movie_Nomination (Movie_id_m, Nomination_id_pr, winner_year, winner)
VALUES (1, 1, 2019, false),
(1, 2, 2019, false),
(2, 8, 2019, true),
(3, 3, 2019, true),
(3, 19, 2019, true),
(4, 13, 2019, true),
(5, 6, 2019, true),
(6, 11, 2019, true),
(6, 17, 2019, true),
(6, 15, 2019, true),
(7, 5, 2019, true),
(7, 12, 2019, true),
(8, 20, 2019, false),
(10, 4, 2018, false),
(11, 1, 2018, true),
(11, 7, 2018, true),
(11, 5, 2018, true),
(13, 3, 2018, false),
(18, 15, 2019, false),
(19, 20, 2019, false),
(22, 20, 2019, false),
(24, 15, 2018, false),
(26, 4, 2017, true),
(26, 5, 2017, true),
(27, 17, 2018, false),
(30, 8, 2017, true);

INSERT INTO Movie_Starring (Movie_id_m, Stars_id_s)
VALUES (1, 1),
(1, 2),
(1, 3),
(2, 4),
(2, 5),
(2, 6),
(3, 1),
(3, 7),
(3, 8),
(4, 9),
(4, 10),
(4, 11),
(5, 5),
(5, 12),
(5, 13),
(6, 14),
(6, 15),
(6, 16),
(7, 17),
(7, 18),
(7, 19),
(9, 20),
(9, 21),
(9, 22),
(10, 23),
(10, 24),
(10, 25),
(11, 26),
(11, 27),
(11, 28),
(13, 29),
(13, 30),
(13, 31),
(14, 32),
(14, 33),
(14, 34),
(15, 35),
(15, 36),
(15, 37),
(16, 38),
(16, 39),
(16, 40),
(17, 41),
(17, 42),
(17, 43),
(18, 44),
(18, 45),
(18, 46),
(19, 47),
(19, 48),
(19, 49),
(20, 50),
(20, 51),
(20, 52),
(21, 20),
(21, 53),
(21, 54),
(23, 55),
(23, 56),
(23, 57),
(24, 44),
(24, 46),
(24, 58),
(25, 59),
(25, 60),
(25, 61),
(26, 62),
(26, 63),
(26, 64),
(27, 65),
(27, 66),
(27, 67),
(28, 68),
(28, 69),
(28, 70),
(29, 71),
(29, 72),
(29, 73),
(30, 39),
(30, 74),
(30, 75);

INSERT INTO Movie_Genre (Movie_id_m, Genre_id_g)
VALUES (1, 1),
(1, 12),
(2, 3),
(2, 4),
(3, 4),
(3, 12),
(4, 4),
(4, 13),
(5, 4),
(5, 13),
(6, 8),
(6, 4),
(7, 12),
(7, 4),
(7, 3),
(8, 10),
(8, 6),
(9, 12),
(10, 4),
(10, 3),
(11, 4),
(11, 3),
(12, 2),
(12, 3),
(13, 4),
(14, 1),
(14, 2),
(15, 4),
(16, 4),
(17, 2),
(18, 1),
(19, 2),
(19, 13),
(19, 6),
(20, 1),
(20, 4),
(21, 14),
(21, 1),
(22, 10),
(22, 3),
(22, 1),
(23, 3),
(23, 2),
(24, 14),
(24, 1),
(25, 5),
(26, 14),
(26, 4),
(26, 3),
(27, 5),
(27, 12),
(28, 3),
(28, 1),
(29, 1),
(29, 14),
(29, 2),
(30, 4),
(30, 13);

INSERT INTO Person (first_name, last_name, phone, email, birth_date, address, idnumber, nit, lat, longitude) 
VALUES ('Christine', 'Smallpeace', '(702) 3677627', 'csmallpeace0@mtv.com', '1991/04/01', '68 Mariners Cove Circle', '229921257', '229921257011', 54.1347287, 33.2921685),
('Filberto', 'Klemke', '(463) 7833927', 'fklemke1@earthlink.net', '2003/08/04', '94963 Rusk Alley', '324955740', '324955740', 7.0062, 112.0295),
('Heidi', 'Yvens', '(527) 8626967', 'hyvens2@hao123.com', '1993/02/22', '1165 Banding Road', '469583073', '469583073', 43.9071313, 125.3462629),
('Carmelita', 'Crotty', '(747) 6332734', 'ccrotty3@salon.com', '1990/07/03', '7 Meadow Valley Way', '501954917','501954917', 11.5291917, 8.6573084),
('Beatrisa', 'Furniss', '(879) 5853358', 'bfurniss4@kickstarter.com', '1999/04/17', '349 Twin Pines Lane', '528495099', '528495099014', 51.6083, 38.9102),
('Daphne', 'Duckit', '(305) 3489033', 'dduckit5@hubpages.com', '2000/02/01', '9821 Barby Court', '587587422', '587587422', 25.8535635, -80.1484407),
('Nydia', 'McCullouch', '(765) 4500802', 'nmccullouch6@marketwatch.com', '1995/02/15', '7 Mesta Hill', '086532111','086532111', 58.4306551, 14.169785),
('Ganny', 'Mara', '(887) 4800446', 'gmara7@wisc.edu', '1995/06/03', '32767 Alpine Street', '906074186', '906074186', 14.3144265, 100.3722477),
('Kerstin', 'Kornes', '(548) 8208428', 'kkornes8@weibo.com', '2008/11/06', '92 Village Place', '425974362', '425974362014', 46.2286, -73.01917),
('Lisa', 'Minshaw', '(809) 4625266', 'lminshaw9@free.fr', '2005/05/21', '08473 Boyd Alley', '955688716', '955688716', 5.9840985, 116.0761121),
('Rafaellle', 'Duding', '(278) 5603117', 'rdudinga@nyu.edu', '1992/08/25', '58 Fulton Street', '151625119','151625119018', 13.657613, 100.3976471),
('Henrieta', 'Mohring', '(120) 8992964', 'hmohringb@wikipedia.org', '2009/09/11', '18 Burrows Trail', '095800750', '095800750', 52.3329057, 4.6073677),
('Birgitta', 'Sleet', '(761) 7187330', 'bsleetc@list-manage.com', '1995/05/10', '9167 Southridge Pass', '453528776', '453528776', 37.7278257, -8.7793637),
('Katie', 'Saggs', '(517) 7197323', 'ksaggsd@github.io', '2005/03/04', '72 American Ash Center', '701983536', '701983536016', 57.1068191, 41.7340876),
('Emmott', 'Mansion', '(510) 4085943', 'emansione@youku.com', '1990/09/08', '48 Troy Lane', '147575455', '147575455', 37.74, -122.19),
('Ginger', 'Trotton', '(329) 3134488', 'gtrottonf@yahoo.com', '2007/07/22', '4 Welch Trail', '119407476','119407476', -19.6633028, 22.1936928),
('Ingeborg', 'Salazar', '(993) 8705597', 'isalazarg@berkeley.edu', '1992/10/17', '66 Laurel Junction', '937224130', '937224130', 48.4083877, 40.2586934),
('Loleta', 'Alvarado', '(492) 1538154', 'lalvaradoh@typepad.com', '1996/09/12', '21 Barby Terrace', '573914285', '573914285018', 59.31257, 18.0626161),
('Francyne', 'Fechnie', '(717) 7534510', 'ffechniei@umich.edu', '1993/05/08', '39351 Grover Alley', '373446802', '373446802019', -6.924112, -79.124367),
('Kendrick', 'Tyt', '(485) 6747578', 'ktytj@wp.com', '2004/01/29', '8 Sullivan Terrace', '369368606','369368606018', 60.60646, 15.6355),
('Binky', 'Tembey', '105-824-7503', 'btembey0@trellian.com', '1997/09/04', '083 Lien Circle', '925817592','925817592', 22.5341348, 114.1162219),
('Florinda', 'Boone', '341-650-8682', 'fboone1@ox.ac.uk', '1996/11/23', '0 Lillian Trail', '418630555', '418630555', 53.6923042, 38.1938089);

INSERT INTO Customer (Person_id_p, register_date, customer_status)
VALUES (1, '2019/03/28', false),
(2, '2019/04/14', false),
(3, '2019/01/12', true),
(4, '2019/03/14', true),
(5, '2019/04/19', false),
(6, '2019/03/29', true),
(7, '2019/05/15', false),
(8, '2019/08/30', false),
(9, '2019/11/18', false),
(10, '2019/09/01', true),
(11, '2019/04/15', true),
(12, '2019/06/15', true),
(13, '2019/04/21', false),
(14, '2019/09/17', false),
(15, '2019/07/25', false),
(16, '2019/11/07', false),
(17, '2019/12/04', true),
(18, '2019/01/14', false),
(19, '2019/02/27', false),
(20, '2019/01/13', false);

INSERT INTO Employee (Person_id_p, user, password)
VALUES (21, 'Binky', 'Tembey97'),
(22, 'Florinda', 'Boone96');

INSERT INTO Loan (Employee_id_e, Customer_id_c, start_date, end_date)
VALUES (1, 1, '2019/01/04', '2020/01/09'),
(1, 2, '2019/12/25', '2019/01/28'),
(1, 3, '2019/08/20', '2019/08/25'),
(1, 4, '2019/06/24', '2019/06/29'),
(1, 5, '2019/02/07', '2019/02/10'),
(1, 6, '2019/03/10', '2019/03/13'),
(1, 7, '2019/11/10', '2019/11/12'),
(2, 8, '2019/11/26', '2019/11/29'),
(2, 9, '2019/08/07', '2019/08/10'),
(1, 10, '2019/09/15', '2019/09/18'),
(1, 11, '2019/09/16', '2019/09/19'),
(1, 12, '2019/06/05', '2019/06/08'),
(2, 13, '2019/02/05', '2019/02/07'),
(1, 14, '2019/06/21', '2019/06/22'),
(1, 15, '2019/11/10', '2019/11/12'),
(2, 16, '2019/07/10', '2019/07/11'),
(1, 17, '2019/04/15', '2019/04/16'),
(1, 18, '2019/08/29', '2019/08/31'),
(1, 19, '2019/07/25', '2019/07/28'),
(2, 20, '2019/04/13', '2019/04/15'),
(1, 1, '2019/08/11', '2019/08/16'),
(1, 2, '2019/04/13', '2019/04/14'),
(2, 3, '2019/10/11', '2019/10/14'),
(1, 4, '2019/06/12', '2019/06/15'),
(1, 5, '2019/07/13', '2019/07/16'),
(1, 6, '2019/03/05', '2019/03/09'),
(1, 7, '2019/05/03', '2019/05/07'),
(2, 8, '2019/08/04', '2019/08/06'),
(1, 9, '2019/05/24', '2019/05/26'),
(1, 10, '2019/12/28', '2019/12/30'),
(1, 11, '2019/08/07', '2019/08/09'),
(1, 12, '2019/12/30', '2019/12/31'),
(2, 13, '2019/04/26', '2019/04/28'),
(1, 14, '2019/07/12', '2019/07/14'),
(1, 15, '2019/04/25', '2019/04/27'),
(1, 16, '2019/08/11', '2019/08/15'),
(1, 17, '2019/11/04', '2019/11/06'),
(2, 18, '2019/06/06', '2019/06/09'),
(1, 19, '2019/04/07', '2019/04/10'),
(2, 20, '2019/04/11', '2019/04/14');

INSERT INTO Loan_Movie (Loan_id_l, Movie_id_m)
VALUES (19, 7),
(25, 29),
(7, 1),
(30, 11),
(35, 2),
(24, 25),
(7, 14),
(25, 14),
(1, 6),
(18, 26),
(37, 16),
(4, 20),
(2, 27),
(21, 10),
(36, 30),
(16, 24),
(6, 21),
(31, 27),
(13, 15),
(3, 22),
(33, 24),
(14, 27),
(14, 25),
(40, 21),
(7, 19),
(12, 20),
(28, 5),
(33, 16),
(34, 23),
(29, 13),
(23, 4),
(21, 5),
(7, 4),
(11, 22),
(4, 11),
(5, 7),
(32, 24),
(1, 28),
(24, 13),
(2, 28),
(38, 12),
(16, 23),
(27, 15),
(34, 9),
(2, 28),
(30, 4),
(21, 20),
(21, 4),
(6, 23),
(15, 9),
(22, 2),
(28, 24),
(7, 18),
(16, 4),
(14, 26),
(26, 16),
(39, 7),
(40, 3),
(27, 28);

INSERT INTO Price (first_day_price, addition_per_day)
VALUES (2, 1);

INSERT INTO Discount (discount, superior_limit)
VALUES (0.0, 3),
(0.05, 6),
(0.1, 100);

#INSERT INTO Sale(Loan_id_l, Discount_id_d, Price_id_p, total)

INSERT INTO Returned (Loan_id_l, Employee_id_e, return_date)
VALUES (1, 1, '2019/01/09'),
(2, 1, '2019/01/26'),
(3, 1, '2019/08/25'),
(4, 1, '2019/06/29'),
(5, 2, '2019/02/10'),
(6, 2, '2019/03/13'),
(7, 1, '2019/11/12'),
(8, 2, '2019/11/29'),
(9, 1, '2019/08/10'),
(10, 1, '2019/09/17'),
(11, 1, '2019/09/19'),
(12, 1, '2019/06/07'),
(13, 1, '2019/02/22'),
(14, 1, '2019/06/12'),
(15, 1, '2019/11/11'),
(16, 2, '2019/07/15'),
(17, 1, '2019/04/28'),
(18, 1, '2019/08/15'),
(19, 1, '2019/07/16'),
(20, 1, '2019/04/16'),
(21, 1, '2019/08/19'),
(22, 1, '2019/04/16'),
(23, 1, '2019/10/18'),
(24, 1, '2019/06/19'),
(25, 1, '2019/07/19'),
(26, 1, '2019/03/20'),
(27, 2, '2019/05/08'),
(28, 1, '2019/08/10'),
(29, 1, '2019/05/30'),
(30, 1, '2019/12/31');

INSERT INTO Type_of_Edition (description)
VALUES ('crear'),
('actualizar'),
('eliminar'),
('agregar a la blacklist');

INSERT INTO Edition(Employee_id_e, Type_of_Edition_id_te, edition_date) values 
(2, 1, '2019/01/01'),
(2, 1, '2019/01/01'),
(1, 1, '2019/01/01'),
(2, 1, '2019/01/01'),
(1, 1, '2019/01/01'),
(1, 1, '2019/01/01'),
(2, 1, '2019/01/01'),
(2, 1, '2019/01/01'),
(1, 1, '2019/01/01'),
(2, 1, '2019/01/01'),
(1, 1, '2019/01/01'),
(2, 1, '2019/01/01'),
(2, 1, '2019/01/01'),
(1, 1, '2019/01/01'),
(1, 1, '2019/01/01'),
(1, 1, '2019/01/01'),
(2, 1, '2019/01/01'),
(2, 1, '2019/01/01'),
(2, 1, '2019/01/01'),
(2, 1, '2019/01/01'),
(2, 1, '2019/01/01'),
(2, 1, '2019/01/01'),
(2, 1, '2019/01/01'),
(1, 1, '2019/01/01'),
(2, 1, '2019/01/01'),
(2, 1, '2019/01/01'),
(1, 1, '2019/01/01'),
(1, 1, '2019/01/01'),
(2, 1, '2019/01/01'),
(2, 1, '2019/01/01'),
(2, 1, '2019/01/01'),
(2, 1, '2019/01/01'),
(1, 1, '2019/01/01'),
(2, 1, '2019/01/01'),
(1, 1, '2019/01/01'),
(1, 1, '2019/01/01'),
(2, 1, '2019/01/01'),
(2, 1, '2019/01/01'),
(1, 1, '2019/01/01'),
(2, 1, '2019/01/01'),
(1, 1, '2019/01/01'),
(2, 1, '2019/01/01'),
(2, 1, '2019/01/01'),
(1, 1, '2019/01/01'),
(1, 1, '2019/01/01'),
(1, 1, '2019/01/01'),
(2, 1, '2019/01/01'),
(2, 1, '2019/01/01'),
(2, 1, '2019/01/01'),
(2, 1, '2019/01/01');

INSERT INTO Edition_Customer (Edition_id_et, Customer_id_c)
VALUES (1, 1),
(2, 2),
(3, 3),
(4, 4),
(5, 5),
(6, 6),
(7, 7),
(8, 8),
(9, 9),
(10, 10),
(11, 11),
(12, 12),
(13, 13),
(14, 14),
(15, 15),
(16, 16),
(17, 17),
(18, 18),
(19, 19),
(20, 20);

INSERT INTO Edition_Movie (Edition_id_et, Movie_id_m)
VALUES (21, 1),
(22, 2),
(23, 3),
(24, 4),
(25, 5),
(26, 6),
(27, 7),
(28, 8),
(29, 9),
(30, 10),
(31, 11),
(32, 12),
(33, 13),
(34, 14),
(35, 15),
(36, 16),
(37, 17),
(38, 18),
(39, 19),
(40, 20),
(41, 21),
(42, 22),
(43, 23),
(44, 24),
(45, 25),
(46, 26),
(47, 27),
(48, 28),
(49, 29),
(50, 30);